name,price,location,date
iPhone 12 Pro 256GB - DISKON 200rb BERGARANSI !,Rp 12.499.000,"Marpoyan Damai, Pekanbaru Kota",09 Mar
I Phone Xr 64Gb Lengkap,Rp 4.650.000,"Sumur Bandung, Bandung Kota",4 hari yang lalu
dijual cepat iphone x 256 GB mulus. no nego,Rp 4.500.000,"Duren Sawit, Jakarta Timur",4 hari yang lalu
iPhone 12 Pro Max 128gb iBox,Rp 15.500.000,"Kebumen, Kebumen Kab.",29 Okt
READY Tecno Pova 2 6/128 resmi 1th,Rp 2.450.000,"Semarang Selatan, Semarang Kota",Hari ini
Xiaomi Redmi Note 10 Pro 6/128 128gb baru garansi resmi bnib,Rp 3.575.000,"Sukun, Malang Kota",Hari ini
XPERIA 1 BLACK NO MINUS,Rp 2.350.000,"Banguntapan, Bantul Kab.",Hari ini
Infinix Hot 11S NFC Bisa Cicilan Tanpa DP,Rp 2.099.000,"Karang Tengah, Tangerang Kota",Hari ini
Oppo A5 2020 3/64 Fullset,Rp 1.400.000,"Banjaran, Bandung Kab.",Hari ini
Hp Oppo Reno 2F,Rp 2.700.000,"Baiturrahman, Banda Aceh Kota",Hari ini
Dijual Hp Iphone 6s 64 GB,Rp 1.650.000,"Johar Baru, Jakarta Pusat",Hari ini
SAMSUNG A22 5G KREDIT TANPA DP HANYA KTP AJA,Rp 3.190.000,"Simokerto, Surabaya Kota",Hari ini
Iphone 7+ 128gb,Rp 2.200.000,"Bekasi Selatan, Bekasi Kota",Hari ini
Iphone 12 128Gb Biru,Rp 11.900.000,"Tenggilis Mejoyo, Surabaya Kota",Hari ini
Ready stok xiaomi Redmi Note 10 s 6/128 garansi resmi,Rp 2.730.000,"Telukbetung Utara, Bandar Lampung Kota",Hari ini
Realme C31 RAM 3/32 GARANSI  RESMI 1 TAHUN,Rp 1.650.000,"Kramat Jati, Jakarta Timur",Hari ini
Samsung z fold1 512gb,Rp 12.000.000,"Rappocini, Makassar Kota",Hari ini
iPhone 13 pro IBox KREDIT Aeon home credit kredivo indodana,Rp 17.299.000,"Menteng, Jakarta Pusat",Hari ini
jual oppo reno 3 8/128 mulpis,Rp 2.500.000,"Margahayu, Bandung Kab.",Hari ini
oppo a5s 3/32 normal murah,Rp 850.000,"Cilodong, Depok Kota",Hari ini
